Наименование,Артикул,Бренд,Модель,Тип,Технология экрана,Материал корпуса,Материал браслета,Размер,Сайт производителя,Наличие,Цена,Старая цена,Ссылка на карточку
Jet Kid Start blue Умные детские часы,80235265,Jet,Excidium,умные часы,Монохромный,пластик,силикон,54х34х12 мм,www.jetdevice.com,5,2310 руб,3550 руб,http://stepik-parsing.ru/html/watch/1/1_1.html
Фитнес- браслет BAND 6 FOREST GREEN FARA-B19 HUAWEI,80581842,Huawei,Band 6 FRA-B19,фитнес браслет,AMOLED,полимер,силикон,54х34х12 мм,www.huawei.ru,15,5480 руб,8565 руб,http://stepik-parsing.ru/html/watch/1/1_2.html
Умные часы GT 3 MIL-B19S BLACK HUAWEI,8058184234,Huawei,Band 6 FRA-B19,фитнес браслет,AMOLED,полимер,силикон,54х34х12 мм,www.huawei.ru,15,21810 руб,22565 руб,http://stepik-parsing.ru/html/watch/1/1_3.html
Умные часы GT 3 MIL-B19V BROWN HUAWEI,80615308,Huawei,GT 3 MIL-B19V,умные часы,AMOLED,нержавеющая сталь,кожа,42.3 х 42.3 х 10 мм,www.huawei.ru,22,21810 руб,23800 руб,http://stepik-parsing.ru/html/watch/1/1_4.html
Умные часы GT RUNNER-B19S BLACK HUAWEI,80616445,Huawei,GT RUNNER-B19S,умные часы,AMOLED,пластик,силикон,46.4 х 46.4 х 11 мм,www.huawei.ru,10,27770 руб,30170 руб,http://stepik-parsing.ru/html/watch/1/1_5.html
Умные часы GT RUNNER-B19A GREY HUAWEI,80616446,Huawei,GT RUNNER-B19A,умные часы,AMOLED,пластик,силикон,46.4 х 46.4 х 11 мм,www.huawei.ru,7,27770 руб,29000 руб,http://stepik-parsing.ru/html/watch/1/1_6.html
Умные часы GT 3 MIL-B19 GOLD HUAWEI,80616447,Huawei,GT 3 MIL-B19,умные часы,AMOLED,Материал корпуса,нержавеющая сталь,42.3 х 42.3 х 10 мм,www.huawei.ru,8,24230 руб,24480 руб,http://stepik-parsing.ru/html/watch/1/1_7.html
Умные часы WATCH 3 GALILEO-L11 STEEL HUAWEI,80590693,Huawei,Watch 3 Galileo-L21E,умные часы,AMOLED,"металл, керамика",кожа,46.2 х 46.2 х 12.15 мм,www.huawei.ru,18,32600 руб,32900 руб,http://stepik-parsing.ru/html/watch/1/1_8.html
Умные часы GT 3 JPT-B19V BROWN HUAWEI,80609751,Huawei,GT 3 JPT-B19V,умные часы,AMOLED,"нержавеющая сталь, пластик",кожа,45.9 х 45.9 х 11 мм,www.huawei.ru,40,24230 руб,24480 руб,http://stepik-parsing.ru/html/watch/1/1_9.html
Умные часы FIT ELEGANT TIA-B29 MIDNIGHT BLACK HUAWEI,80578978,Huawei,Fit Elegant TIA-B29,умные часы,AMOLED,нержавеющая сталь,силикон,30 х 46 х 10.7 мм,www.huawei.ru,32,11460 руб,11580 руб,http://stepik-parsing.ru/html/watch/1/1_10.html
Умные часы GT 2 MATTE BLACK LTN-B19 HUAWEI,80578980,Huawei,Fit Elegant TIA-B29,Смарт-часы,AMOLED,"пластик, металл",резина,45.9 х 45.9 х 10.7 мм,www.huawei.ru,17,15850 руб,16010 руб,http://stepik-parsing.ru/html/watch/1/1_11.html
Умные часы GT 2 PEBBLE BROWN LTN-B19 HUAWEI,8105728981,Huawei,GT 2 LTN-B19V,умные часы,AMOLED,"пластик, металл",кожа,45.9 х 45.9 х 10.7 мм,www.huawei.ru,24,17070 руб,17250 руб,http://stepik-parsing.ru/html/watch/1/1_12.html
Умные часы GT 2 PRO VID-B19 NEBULA GRAY HUAWEI,80581843,Huawei,GT 2 Pro Vidar-B19V,Смарт-часы,AMOLED,титан,кожа,46.7 х46.7 х11.4 мм,www.huawei.ru,55,27770 руб,28050 руб,http://stepik-parsing.ru/html/watch/1/1_13.html
Умные часы GT 2 PRO VID-B19 NIGHT BLACK HUAWEI,80581844,Huawei,GT 2 Pro Vidar-B19S,Смарт-часы,AMOLED,титан,силикон,46.7 х46.7 х11.4 мм,www.huawei.ru,37,24230 руб,24480 руб,http://stepik-parsing.ru/html/watch/1/1_14.html
Умные часы FIT ELEGANT TIA-B29 FROSTY WHITE HUAWEI,80578979,Huawei,Fit Elegant TIA-B29,умные часы,AMOLED,нержавеющая сталь,силикон,30 х 46 х 10.7 мм,www.huawei.ru,7,11460 руб,11580 руб,http://stepik-parsing.ru/html/watch/1/1_15.html
Умные часы FIT TIA-B09 GRAPHITE BLACK HUAWEI,80598423,Huawei,Fit TIA-B09,умные часы,AMOLED,металл,силикон,30 х 46 х 10.7 мм,www.huawei.ru,21,9040 руб,9130 руб,http://stepik-parsing.ru/html/watch/1/1_16.html
Умные часы KIDS 4 PRO ASN-AL10 BLUE HUAWEI,80605938,Huawei,KIDS 4 PRO,Смарт-часы,AMOLED,пластик,силикон,41 х 52 х 14.55 мм,www.huawei.ru,57,15850 руб,16850 руб,http://stepik-parsing.ru/html/watch/1/1_17.html
Умные часы KIDS 4 PRO ASN-AL10 PINK HUAWEI,80605939,Huawei,KIDS 4 PRO,Смарт-часы,AMOLED,пластик,силикон,41 х 52 х 14.55 мм,www.huawei.ru,58,15850 руб,16010 руб,http://stepik-parsing.ru/html/watch/1/1_18.html
GT 2 NIGHT BLACK DIANA-B19S HUAWEI,80605940,Huawei,Watch GT 2 Diana-B19S,Смарт-часы,AMOLED,"пластик, металл",силикон,41.8 х 41.8 х 9.4 мм,www.huawei.ru,29,15850 руб,16010 руб,http://stepik-parsing.ru/html/watch/1/1_19.html
Умные часы GT 3 JPT-B19S BLACK HUAWEI,80609750,Huawei,GT 3 JPT-B19S,Смарт-часы,AMOLED,"нержавеющая сталь, пластик",резина,45.9 х 45.9 х 11 мм,www.huawei.ru,42,24230 руб,24480 руб,http://stepik-parsing.ru/html/watch/1/1_20.html
Умные часы FIT TIA-B09 DISTILLED BLUE HUAWEI,80598422,Huawei,Fit TIA-B09,умные часы,AMOLED,"пластик, металл",силикон,46 х 30 х 10.7 мм,www.huawei.ru,21,9040 руб,9130 руб,http://stepik-parsing.ru/html/watch/1/1_21.html
Умные часы FIT TIA-B09 SAKURA PINK HUAWEI,80598424,Huawei,Fit TIA-B09,умные часы,AMOLED,"пластик, металл",силикон,46 х 30 х 10.7 мм,www.huawei.ru,20,9040 руб,9130 руб,http://stepik-parsing.ru/html/watch/1/1_22.html
Часы Medisana Шагомер ViFit Connect,8705336,Medisana,ViFit Connect,датчик,OLED,пластик,силикон,46 x 23 x 10 мм,www.medisana-msk.ru,55,4580 руб,4630 руб,http://stepik-parsing.ru/html/watch/1/1_23.html
Canyon - CNS-SW82BB,8025293634,Canyon,CNS-SW82BB,Смарт-часы,TFT,"пластик, металл",полиуретан,46 х 30 х 10.7 мм,www.medisana-msk.ru,20,4840 руб,4890 руб,http://stepik-parsing.ru/html/watch/1/1_24.html
Умные часы FLY BLACK G-SM16BLK GEOZON,80590694,Geozon,G-SM16BLK,Смарт-часы,TFT,металл,силикон,44 х 50 х 10 мм,www.geozon.ru,29,3880 руб,3920 руб,http://stepik-parsing.ru/html/watch/1/1_25.html
Canyon - CNS-SW81BG,80468640,Canyon,CNS-SW81BG,Смарт-часы,TFT,"пластик, металл","силикон, полиуретан",262x43.6x12.5 мм,www.geozon.ru,60,4510 руб,4560 руб,http://stepik-parsing.ru/html/watch/1/1_26.html
Умные часы MAGIC 2 BLACK 46MM MNS-B39 HONOR,80612714,Honor,MNS-B39,умные часы,AMOLED,"пластик, металл","силикон, полиуретан",45.9 х 45.9 х 10.7,www.honor.ru,41,11480 руб,11600 руб,http://stepik-parsing.ru/html/watch/1/1_27.html
Фитнес-браслет BAND FIT PLUS RED G-SM14RED GEOZON,80578938,Geozon,G-SM14RED,фитнес браслет,TFT,пластик,силикон,45.9 х 45.9 х 10.7,www.geozon.ru,26,3790 руб,3830 руб,http://stepik-parsing.ru/html/watch/1/1_28.html
Фитнес-браслет Mi Smart Band 6,80574754,Xiaomi,G-SM14RED,фитнес браслет,AMOLED,пластик,полиуретан,47.4x18.6x12.7 мм,www.mi.com,26,4700 руб,5700 руб,http://stepik-parsing.ru/html/watch/1/1_29.html
"Смарт-часы Jet Kid Pinkie Pie 40мм 1.44"" TFT розовый",80350904,Jet,Kid Pinkie Pie 40мм,Смарт-часы,TFT,пластик,силикон,40 х 46 х 16 мм,www.jetdevice.com,7,5140 руб,5190 руб,http://stepik-parsing.ru/html/watch/1/1_30.html
"Смарт-часы Jet Sport SW-4C 1.54"" IPS серебристый (SW-4C SILVER)",80397648,Jet,SW-4C,Смарт-часы,TFT,металл,силикон,40 х 46 х 16 мм,www.jetdevice.com,17,4600 руб,4640 руб,http://stepik-parsing.ru/html/watch/1/1_31.html
"Смарт-часы Jet Kid Optimus Prime 45мм 1.44"" TFT синий/красный",80350906,Jet,Kid Optimus Prime 45мм,Смарт-часы,TFT,металл,силикон,45 х 50 х 16 мм,www.jetdevice.com,12,6050 руб,6110 руб,http://stepik-parsing.ru/html/watch/1/1_32.html
teXet TM-519R черный-красный Мобильный телефон,80397881,Texet,TM-519R,Мобильный телефон,пластик,Цветной,"2.4""","131,6x61,9x19 мм",г 90.54,240x320,www.texet.ru,31,2490 руб,2520 руб,http://stepik-parsing.ru/html/mobile/2/2_1.html
Мобильный телефон Fly Ezzy 3 белый,8579276,Fly,Ezzy 3,Мобильный телефон,пластик,Цветной TFT,"1.77""",55.5x118.2x14.7 м,г 95.54,128x160,www.fly-phone.ru,20,1070 руб,1080 руб,http://stepik-parsing.ru/html/mobile/2/2_2.html
Телефон Nokia 150 DS TA-1235 (2020) Cyan,80548138,NOKIA,Ezzy 3,телефон,поликарбонат,Цветной,"2.4""",50.5x132x15 мм,г 90.54,-,www.fly-phone.ru,17,3130 руб,3160 руб,http://stepik-parsing.ru/html/mobile/2/2_3.html
Мобильный телефон BQ 2430 Tank Power серебристый камуфляж,80350335,BQ,2430 Tank Power,Мобильный телефон,пластик,Цветной,"2.4""",50.5x132x15 мм,г 90.54,240x320,www.bq.ru,7,1920 руб,1940 руб,http://stepik-parsing.ru/html/mobile/2/2_4.html
Мобильный телефон NOKIA 130 Dual Sim 2017 черный (A00028615),8694521,NOKIA,130 Dual Sim 2017,Мобильный телефон,пластик,Цветной,"1.8""",48.4x111.5x14.2 мм,г 89.54,128x160,www.nokia.com,37,1550 руб,1820 руб,http://stepik-parsing.ru/html/mobile/2/2_5.html
Мобильный телефон Texet TM-B217 черный красный,80040225,Texet,TM-B217,Мобильный телефон,пластик,Цветной TFT,"1.77""",48.4x111.5x14.2 мм,г 84,128x160,www.texet.ru,5,1830 руб,1870 руб,http://stepik-parsing.ru/html/mobile/2/2_6.html
NOKIA TA-1253,80548137,NOKIA,TA-1253,Мобильный телефон,пластик,Цветной TFT,"1.77""",132 x 50.5 x 15 мм,г 96.5,240x320,www.nokia.com,15,2020 руб,2220 руб,http://stepik-parsing.ru/html/mobile/2/2_7.html
Мобильный телефон Texet 130-TM черный красный,80412207,Texet,130-TM,Мобильный телефон,пластик,Цветной,"1.77""",132 x 50.5 x 15 мм,г 64.5,128x160,www.texet.ru,60,1160 руб,1460 руб,http://stepik-parsing.ru/html/mobile/2/2_8.html
Мобильный телефон NOKIA 105 SS TA-1203 синий,80365450,NOKIA,105 SS TA-1203,Мобильный телефон,пластик,Цветной TFT,"1.77""",132 x 50.5 x 15 мм,г 74,120x160,www.nokia.com,30,1550 руб,1920 руб,http://stepik-parsing.ru/html/mobile/2/2_9.html
Мобильный телефон NOKIA 105 DS розовый,80350339,NOKIA,105 DS,Мобильный телефон,пластик,Цветной TFT,"1.77""",4.92х11.9х1.44 см,г 73,128x160,www.nokia.com,30,1460 руб,1860 руб,http://stepik-parsing.ru/html/mobile/2/2_10.html
TEXET TM-408 мобильный телефон цвет синий,80594622,Texet,TM-408,Мобильный телефон,пластик,Цветной TFT,"2.8""",56x113x17 мм,г 99,320x240,www.texet.ru,13,2740 руб,2940 руб,http://stepik-parsing.ru/html/mobile/2/2_11.html
Телефон NOKIA 105 Dual sim (2019) черный (16KIGB01A01),8025946222,NOKIA,105 Dual sim (2019),Мобильный телефон,пластик,Цветной TFT,"1.77""",49.2x119x14.4 мм,г 74,120x160,www.texet.ru,3,1740 руб,1940 руб,http://stepik-parsing.ru/html/mobile/2/2_12.html
Мобильный телефон Texet TM-204 красный,80040222,Texet,TM-204,Мобильный телефон,пластик,Цветной TFT,"2.4""","102 x 51,5 x 16,4 мм",г 78.5,320x240,www.texet.ru,7,1840 руб,1860 руб,http://stepik-parsing.ru/html/mobile/2/2_13.html
Телефон NOKIA 3310 Dual темно-синий,80035628,NOKIA,3310 Dual,Мобильный телефон,пластик,Цветной TFT,"2.4""","102 x 51,5 x 16,4 мм",г 101,320x240,www.nokia.com,77,3350 руб,3950 руб,http://stepik-parsing.ru/html/mobile/2/2_14.html
Телефон NOKIA 3310 Dual жёлтый,80035625,NOKIA,3310 Dual,Мобильный телефон,пластик,Цветной TFT,"2.4""","102 x 51,5 x 16,4 мм",г 101,320x240,www.nokia.com,55,4910 руб,4950 руб,http://stepik-parsing.ru/html/mobile/2/2_15.html
Мобильный телефон Texet 130-TM черный,80246442,Texet,130-TM,Мобильный телефон,пластик,Цветной TFT,"1.77""",47x110x14 мм,г 71,160x128,www.texet.ru,77,1130 руб,1530 руб,http://stepik-parsing.ru/html/mobile/2/2_16.html
Мобильный телефон NOKIA 106 DS TA-1114 серый,80246442,NOKIA,106 DS TA-1114,Мобильный телефон,пластик,Цветной TFT,"1.8""",111.2х49.5х14.4 мм,г 70,160x128,www.nokia.com,27,1720 руб,1590 руб,http://stepik-parsing.ru/html/mobile/2/2_17.html
Мобильный телефон Texet TM-513R черный оранжевый,8813339,Texet,TM-513R,Мобильный телефон,пластик,Цветной TFT,"2""",128x60x22 мм,г 170,176x220,www.texet.ru,10,3630 руб,3730 руб,http://stepik-parsing.ru/html/mobile/2/2_18.html
teXet TM-B226 черный-красный Мобильный телефон,80140986,Texet,TM-B226,Мобильный телефон,пластик,Цветной TFT,2.31”,"122*58*11,5 мм",г 112,320x240,www.texet.ru,11,2690 руб,2920 руб,http://stepik-parsing.ru/html/mobile/2/2_19.html
Мобильный телефон NOKIA 105 DS Blue синий,80350338,NOKIA,105 DS Blue,Мобильный телефон,пластик,Цветной TFT,"1.77""","119 x 49,2 x 14,4 мм",г 73,120x160,www.nokia.com,8,1460 руб,1920 руб,http://stepik-parsing.ru/html/mobile/2/2_20.html
Мобильный телефон NOKIA 230 Dual Sim серый черный,8843087,NOKIA,230 Dual Sim,Мобильный телефон,пластик,Цветной TFT,"2.8""",53.4x124.6x10.9 мм,г 92,320x240,www.nokia.com,38,4320 руб,4520 руб,http://stepik-parsing.ru/html/mobile/2/2_21.html
Мобильный телефон Alcatel 1066D белый,80185430,Alcatel,1066D,Мобильный телефон,пластик,Цветной TFT,"1.8""",45x108.2x12.8 мм,г 62,160x128,www.alcatel-mobile.com,25,2620 руб,2860 руб,http://stepik-parsing.ru/html/mobile/2/2_22.html
Мобильный телефон Philips Xenium E172 черный,80587797,Philips,Xenium E172,Мобильный телефон,пластик,Цветной TFT,"2.4""",51x120x14 мм,г 100,240x320,www.philips.ru,5,2700 руб,3000 руб,http://stepik-parsing.ru/html/mobile/2/2_23.html
Мобильный телефон Alcatel 3025X серый,8035877917,Alcatel,3025X,Мобильный телефон,пластик,TN,"2.8""",55.4 х 106 х 16.9 мм,г 108,240x320,www.alcatel-mobile.com,35,6600 руб,6900 руб,http://stepik-parsing.ru/html/mobile/2/2_24.html
Мобильный телефон Philips Xenium E255 черный CTE255BK/00,80310838,Philips,Xenium E255,Мобильный телефон,пластик,TFT,"2.4""",55.4 х 106 х 16.9 мм,г 105.6,240x320,www.philips.ru,19,3480 руб,3880 руб,http://stepik-parsing.ru/html/mobile/2/2_25.html
Мобильный телефон Texet TM-D429 антрацит,80365448,Texet,Xenium E255,Мобильный телефон,пластик,TFT,"1.77""",109x51x20 мм,г 104,128x160,www.texet.ru,12,1930 руб,2130 руб,http://stepik-parsing.ru/html/mobile/2/2_26.html
Телефон Alcatel 2019G серый,80328164,Alcatel,2019G,Мобильный телефон,пластик,Цветной TN,"2.4""",117 х 59 х 12.5 мм,г 80,320x240,www.alcatel-mobile.com,32,4660 руб,5660 руб,http://stepik-parsing.ru/html/mobile/2/2_27.html
Мобильный телефон Alcatel OT-3025X серебристый,Артикул:80213684,Alcatel,OT-3025X,Мобильный телефон,пластик,Цветной TN,"2.8""",117 х 59 х 12.5 мм,г 80,320x240,www.alcatel-mobile.com,32,6600 руб,7160 руб,http://stepik-parsing.ru/html/mobile/2/2_28.html
Мобильный телефон Digma Linx A230WT 2G черный 2.31” Bluetooth,Артикул:80220467,Digma,Linx A230WT 2G,Мобильный телефон,пластик,Цветной TN,"2.31""",135.5x68x27 мм,г 266,320x240,www.digma.ru,42,4100 руб,4660 руб,http://stepik-parsing.ru/html/mobile/2/2_29.html
Fly Ezzy Trendy 1,80365445,Fly,Linx A230WT 2G,Мобильный телефон,пластик,Цветной TN,2.31”,135.5x68x27 мм,г 266,320x240,www.alcatel-mobile.com,14,2030 руб,2410 руб,http://stepik-parsing.ru/html/mobile/2/2_30.html
Fly S240 Dark Grey,80388618,Fly,S240,Мобильный телефон,пластик,Цветной TN,2.4”,"125x53x9,2 мм",г 104,320x240,www.fly-phone.ru,24,1600 руб,1990 руб,http://stepik-parsing.ru/html/mobile/2/2_31.html
Телефон NOKIA 3310 Dual серый,80035627,NOKIA,3310 Dual,Мобильный телефон,пластик,Цветной TN,2.4”,51x115.6x12.8 мм,г 104,320x240,www.nokia.com,2,6510 руб,7010 руб,http://stepik-parsing.ru/html/mobile/2/2_32.html
Проводная игровая мышь Vampire RGB,80563851,Defender,Vampire RGB,Мышь проводная,Да,есть,135.5x68x27 мм,10000,www.defender.ru,140,1610 руб,1710 руб,http://stepik-parsing.ru/html/mouse/3/3_1.html
Defender Halo Z GM-430L,80244227,Defender,Halo Z GM-430L,Мышь проводная,Да,н/д,12.5 x 4.0 x 6.2 см,3200,www.defender.ru,87,550 руб,1550 руб,http://stepik-parsing.ru/html/mouse/3/3_2.html
Мышь беспроводная Defender Shark 2 чёрный USB,80530370,Defender,Shark 2,USB + радиоканал,Да,н/д,12.5 x 4.0 x 6.2 см,3200,www.defender.ru,65,1480 руб,1980 руб,http://stepik-parsing.ru/html/mouse/3/3_3.html
Мышь проводная Defender sTarx GM-390L чёрный USB,80244229,Defender,sTarx GM-390L,USB,Да,RGB,12.3 x 4.1 x 8.0 см,3200,www.defender.ru,55,730 руб,1230 руб,http://stepik-parsing.ru/html/mouse/3/3_4.html
Defender Skull GM-180L чёрный USB,80039351,Defender,Skull GM-180L,USB,Да,Нет,-,3200,www.defender.ru,55,485 руб,985 руб,http://stepik-parsing.ru/html/mouse/3/3_5.html
Мышь проводная Defender Killer GM-170L чёрный USB 52170,80039353,Defender,Killer GM-170L,USB,Да,переливающаяся,-,3200,www.defender.ru,15,550 руб,1550 руб,http://stepik-parsing.ru/html/mouse/3/3_6.html
Мышь проводная Defender Ghost GM-190L чёрный USB 52190,80039354,Defender,Ghost GM-190L,USB,Да,переливающаяся,-,3200,www.defender.ru,25,600 руб,1250 руб,http://stepik-parsing.ru/html/mouse/3/3_7.html
Мышь проводная Defender Witcher GM-990 чёрный USB,80369131,Defender,Witcher GM-990,USB,Да,есть,-,3200,www.defender.ru,25,730 руб,930 руб,http://stepik-parsing.ru/html/mouse/3/3_8.html
Logitech G305 LIGHTSPEED Wireless Gaming Mouse,80553232,Logitech,G305 LIGHTSPEED Wireless Gaming Mouse - LILAC,USB + радиоканал,Да,нет,62.15x38.20x116.60 мм,12000,www.logitech.com,25,8920 руб,10920 руб,http://stepik-parsing.ru/html/mouse/3/3_9.html
Logitech G102 LIGHTSYNC Gaming LILAC,80554448,Logitech,G102 LIGHTSYNC Gaming LILAC,"USB, Оптическая светодиодная",Да,нет,-,8000,www.logitech.com,25,4350 руб,5350 руб,http://stepik-parsing.ru/html/mouse/3/3_10.html
Мышь Logitech G PRO HERO Black USB проводная,80247044,Logitech,G PRO HERO,USB,Да,есть,62x38x117 мм,16000,www.logitech.com,55,5100 руб,5900 руб,http://stepik-parsing.ru/html/mouse/3/3_11.html
Logitech G402 Hyperion Fury,8675403,Logitech,G PRO HERO,USB,Да,есть,136x72x41 мм,4000,www.logitech.com,27,4400 руб,5000 руб,http://stepik-parsing.ru/html/mouse/3/3_12.html
Мышь беспроводная STM 109CW чёрный USB,86275403,STM,109CW,USB радиоканал,Нет,есть,122х69х39 мм,1000,www.stm-electronics.ru,127,455 руб,500 руб,http://stepik-parsing.ru/html/mouse/3/3_13.html
Мышь проводная Defender MB-986 чёрный USB,80603934,Defender,MB-986,USB,Нет,есть,-,1600,www.defender.ru,550,270 руб,400 руб,http://stepik-parsing.ru/html/mouse/3/3_14.html
Мышь проводная Gembird MG-520 чёрный USB,80216417,Gembird,MG-520,USB,Нет,Нет,123 х 69 х 41 мм,3200,www.gembird.ruф,150,720 руб,850 руб,http://stepik-parsing.ru/html/mouse/3/3_15.html
Мышь проводная CBR CM 846 Armor чёрный USB,80606384,CBR,CM 846 Armor,USB,да,да,123 х 69 х 41 мм,4800,www.cbr-products.ru,99,790 руб,999 руб,http://stepik-parsing.ru/html/mouse/3/3_16.html
Мышь проводная Гарнизон GM-720G чёрный USB,80166285,CBR,GM-720G,USB,да,да,126 x 85 x 38 мм,2400,www.garnizon.su,81,600 руб,860 руб,http://stepik-parsing.ru/html/mouse/3/3_17.html
Мышь проводная Гарнизон GM-700G чёрный USB,80148902,Гарнизон,GM-700G,USB,да,да,113 x 62 x 39 мм,1600,www.garnizon.su,21,425 руб,560 руб,http://stepik-parsing.ru/html/mouse/3/3_18.html
Мышь проводная Гарнизон GM-760G чёрный USB,80148901,Гарнизон,GM-760G,USB,да,да,135 x 72 x 38 мм,2000,www.garnizon.su,61,610 руб,960 руб,http://stepik-parsing.ru/html/mouse/3/3_19.html
Мышь проводная Гарнизон GM-730G чёрный USB,80148484,Гарнизон,GM-730G,USB,да,да,135 x 71 x 37 мм,2400,www.garnizon.su,41,580 руб,840 руб,http://stepik-parsing.ru/html/mouse/3/3_20.html
Мышь проводная Гарнизон GM-620G чёрный USB,80148483,Гарнизон,GM-620G,USB,да,да,117x 77 x 32 мм,1600,www.garnizon.su,121,385 руб,500 руб,http://stepik-parsing.ru/html/mouse/3/3_21.html
Мышь проводная A4TECH Bloody Q51 чёрный USB,80090478,A4TECH,Bloody Q51,USB,да,да,126x73x40 мм,3200,www.bloody.com,91,1320 руб,1500 руб,http://stepik-parsing.ru/html/mouse/3/3_22.html
MGK-03U Dialog Gan-Kata - игровая,80234480,Dialog,MGK-03U Gan-Kata,USB,да,да,123x69x33 мм,1600,www.dialoginvest.com,50,260 руб,420 руб,http://stepik-parsing.ru/html/mouse/3/3_23.html
Defender Flash MB-600L,80244813,Defender,Flash MB-600L,USB,да,да,123x69x33 мм,1200,www.defender.ru,160,245 руб,400 руб,http://stepik-parsing.ru/html/mouse/3/3_24.html
Gembird MG-550,80244813,Gembird,MG-550,USB,нет,нет,120 х 65 х 40 мм,3200,www.gembird.ru,60,830 руб,1000 руб,http://stepik-parsing.ru/html/mouse/3/3_25.html
Lenovo Legion M200 RGB Gaming Mouse,80538807,Lenovo,Legion M200,USB,да,да,40x71x123 мм,2400,www.lenovo.com,36,1460 руб,1620 руб,http://stepik-parsing.ru/html/mouse/3/3_26.html
Sven RX-G750 чёрный USB,80558868,Sven,RX-G750,USB,да,да,130x67x40 мм,6400,www.sven.fi,86,1590 руб,1620 руб,http://stepik-parsing.ru/html/mouse/3/3_27.html
Wired Gaming Mouse,80529373,Canyon,-,USB,нет,нет,-,3200,www.canyon.ru,54,960 руб,1220 руб,http://stepik-parsing.ru/html/mouse/3/3_28.html
MSI Clutch GM08,80563231,MSI,Clutch GM08,USB,да,да,128 х 68.5 х 40.5 мм,4200,www.msi.com,94,1690 руб,2220 руб,http://stepik-parsing.ru/html/mouse/3/3_29.html
Gembird MG-760,80564137,Gembird,MG-760,USB,да,да,62x38x115 мм,3200,www.gembird.ru,57,640 руб,1220 руб,http://stepik-parsing.ru/html/mouse/3/3_30.html
MGK-11U Dialog Gan-Kata,80564156,Dialog,MGK-11U,USB,да,да,118х76х38 мм,2400,www.dialoginvest.com,27,435 руб,690 руб,http://stepik-parsing.ru/html/mouse/3/3_31.html
Logitech G102 LIGHTSYNC,80413190,Logitech,G102 LIGHTSYNC,USB,да,да,118х76х38 мм,8000,www.logitech.com,127,2180 руб,2890 руб,http://stepik-parsing.ru/html/mouse/3/3_32.html
"Жесткий диск 3.5"" 2 Tb 5900 rpmrpm 64 MbMb cache Seagate ST2000VX008 SATA III 6 Gb/s",8958218,Seagate,G102 LIGHTSYNC,"3.5""",2 Tb,64 Mb,5900 rpm,5.60 Вт,SATA III 6 Gb/s,www.seagate.com,37,12240 руб,15240 руб,http://stepik-parsing.ru/html/hdd/4/4_1.html
"Жесткий диск 3.5"" 500 Gb 7200rpm 64Mb cache Toshiba HDWD105UZSVA",8818642,Toshiba,HDWD105UZSVA,"3.5""",500 Gb,64 Mb,7200 rpm,5.60 Вт,SATA III 6 Gb/s,http://www.toshiba.ru,37,6200 руб,7200 руб,http://stepik-parsing.ru/html/hdd/4/4_2.html
"Жесткий диск 3.5"" 500Gb 7200rpm HP SATAIII QK554AA",8628555,HP,QK554AA,"3.5""",500 Gb,128 Mb,6200 rpm,5.0 Вт,SATA III 6 Gb/s,http://www.hp.ru,17,14360 руб,15560 руб,http://stepik-parsing.ru/html/hdd/4/4_3.html
"Жесткий диск Seagate Original SATA-III 2Tb ST2000NM000A Exos 7E8 (7200rpm) 256Mb 3.5""",80562356,Seagate,ST2000NM000A,"3.5""",2 Tb,256 Mb,7200 rpm,5.0 Вт,SATA III 6 Gb/s,www.seagate.com,37,18690 руб,19690 руб,http://stepik-parsing.ru/html/hdd/4/4_4.html
"Жесткий диск 3.5"" 2 Tb 7200 rpmrpm 128 MbMb cache HGST Ultrastar 7K2 SATA III 6 Gb/s 1W10002",8945373,HGST,Ultrastar 7K2,"3.5""",2 Tb,128 Mb,7200 rpm,5.0 Вт,SATA III 6 Gb/s,www.hgst.com,57,25430 руб,27350 руб,http://stepik-parsing.ru/html/hdd/4/4_5.html
"Жесткий диск 3.5"" 1 Tb 7200 rpmrpm 64 MbMb cache Seagate ST1000DM010 SATA III 6 Gb/s",8957757,Seagate,ST1000DM010,"3.5""",1 Tb,64 Mb,7200 rpm,5.3 Вт,SATA III 6 Gb/s,www.seagate.com,61,7180 руб,8180 руб,http://stepik-parsing.ru/html/hdd/4/4_6.html
"Жесткий диск 3.5"" 4 Tb 5400 rpmrpm 128 MbMb cache Toshiba S300 Surveillance SATA III 6 Gb/s",89573757,Toshiba,S300 Surveillance,"3.5""",4 Tb,128 Mb,7200 rpm,4.11 В Вт,SATA III 6 Gb/s,https://www.toshiba-storage.com,42,10710 руб,11180 руб,http://stepik-parsing.ru/html/hdd/4/4_7.html
"Жесткий диск 3.5"" 2 Tb 7200rpm 128Mb cache Toshiba MG04SCA20EE SAS",8988540,Toshiba,MG04SCA20EE,"3.5""",2 Tb,128 Mb,7200 rpm,5.11 В Вт,SATA III 6 Gb/s,http://www.toshiba.ru,32,11010 руб,12620 руб,http://stepik-parsing.ru/html/hdd/4/4_8.html
"Жесткий диск 3.5"" 3 Tb 7200rpm 64Mb cache Toshiba HDWD130UZSVA SATA III 6 Gb/s",8822188,Toshiba,HDWD130UZSVA,"3.5""",3 Tb,128 Mb,7200 rpm,6.4 В Вт,SATA III 6 Gb/s,http://www.toshiba.ru,132,11600 руб,12480 руб,http://stepik-parsing.ru/html/hdd/4/4_9.html
"HDD Toshiba X300 SATA3 6Tb 3.5"" 7200 256Mb (analog HDWR160UZSVA)",80585205,Toshiba,-,"3.5""",6 Tb,256 Mb,8400 rpm,7.5 В Вт,SATA III 6 Gb/s,http://www.toshiba.ru,14,20820 руб,21870 руб,http://stepik-parsing.ru/html/hdd/4/4_10.html
"Жесткий диск 3.5"" 4 Tb 7200 rpmrpm 256 MbMb cache Seagate ST4000NM002A SATA III 6 Gb/s",80387011,Seagate,ST4000NM002A,"3.5""",4 Tb,256 Mb,8400 rpm,5.1 В Вт,SATA III 6 Gb/s,www.seagate.com,9,20460 руб,22390 руб,http://stepik-parsing.ru/html/hdd/4/4_11.html
"Жесткий диск 3.5"" 6 Tb 5400 rpmrpm 256 MbMb cache Seagate Skyhawk ST6000VX001 SATA III 6 Gb/s",80185134,Seagate,Skyhawk ST6000VX001,"3.5""",6 Tb,256 Mb,5400 rpm,5.6 В Вт,SATA III 6 Gb/s,www.seagate.com,19,21590 руб,22520 руб,http://stepik-parsing.ru/html/hdd/4/4_12.html
"Жесткий диск 3.5"" 4 Tb 5400 rpmrpm 256 MbMb cache Seagate Barracuda SATA III 6 Gb/s ST4000DM004",80014276,Seagate,Barracuda,"3.5""",6 Tb,256 Mb,7400 rpm,5.2 В Вт,SATA III 6 Gb/s,www.seagate.com,39,13330 руб,14250 руб,http://stepik-parsing.ru/html/hdd/4/4_13.html
"Жесткий диск Toshiba SATA-III 6Tb HDWR160UZSVA X300 (7200rpm) 256Mb 3.5""",80575673,Toshiba,HDWR160UZSVA,"3.5""",6 Tb,256 Mb,7200 rpm,11.2 В Вт,SATA III 6 Gb/s,https://www.toshiba-storage.com/,19,20810 руб,21810 руб,http://stepik-parsing.ru/html/hdd/4/4_14.html
"Жесткий диск 3.5""2 Tb 5900rpm 64Mb cache Seagate IronWolf SATA III 6 Gb/s ST2000VN004",8958216,Seagate,IronWolf,"3.5""",2 Tb,64 Mb,5900 rpm,4.9 В Вт,SATA III 6 Gb/s,www.seagate.com,15,13120 руб,14510 руб,http://stepik-parsing.ru/html/hdd/4/4_15.html
"Жесткий диск Toshiba SATA-III 6Tb HDWT860UZSVA Surveillance S300 (5400rpm) 256Mb 3.5""",80577948,Seagate,HDWT860UZSVA,"3.5""",6 Tb,256 Mb,8400 rpm,11.9 В Вт,SATA III 6 Gb/s,www.seagate.com,25,16480 руб,17160 руб,http://stepik-parsing.ru/html/hdd/4/4_16.html
"Жесткий диск 3.5"" 16 Tb 7200 rpmrpm 256 MbMb cache Seagate ST16000NM001G SATA III 6 Gb/s",80395596,Seagate,ST16000NM001G,"3.5""",16 Tb,256 Mb,7200 rpm,11.9 В Вт,SATA III 6 Gb/s,www.seagate.com,125,70200 руб,72200 руб,http://stepik-parsing.ru/html/hdd/4/4_17.html
"Жесткий диск 3.5"" 2 Tb 5400 rpmrpm 128 MbMb cache Toshiba HDWD220UZSVA SATA III 6 Gb/s",80544434,Toshiba,HDWD220UZSVA,"3.5""",2 Tb,128 Mb,5400 rpm,5.1 В Вт,SATA III 6 Gb/s,www.toshiba.eu,12,8170 руб,8830 руб,http://stepik-parsing.ru/html/hdd/4/4_18.html
"Жесткий диск 3.5"" 6 Tb 7200rpm 128Mb cache Toshiba X300 SATA III 6 Gb/s (HDWR160EZSTA)",80540551,Toshiba,X300,"3.5""",6 Tb,128 Mb,7200 rpm,8.5 В Вт,SATA III 6 Gb/s,www.toshiba.eu,22,21310 руб,22310 руб,http://stepik-parsing.ru/html/hdd/4/4_19.html
"Жесткий диск 3.5"" 3 Tbrpm 256 MbMb cache Seagate Barracuda ST3000DM007 SATA III 6 Gb/s",80062968,Seagate,Barracuda ST3000DM007,"3.5""",3 Tb,256 Mb,7200 rpm,3.7 В Вт,SATA III 6 Gb/s,www.seagate.com,17,9050 руб,9950 руб,http://stepik-parsing.ru/html/hdd/4/4_20.html
"Жесткий диск 3.5"" 6 Tb 7200rpm 128Mb cache Toshiba SATAIII HDWE160UZSVA",8983665,Toshiba,HDWE160UZSVA,"3.5""",6 Tb,128 Mb,7200 rpm,3.7 В Вт,SATA III 6 Gb/s,www.seagate.com,45,16020 руб,17020 руб,http://stepik-parsing.ru/html/hdd/4/4_21.html
"Жесткий диск 3.5"" 8 Tb 7200 rpmrpm 256 MbMb cache Toshiba HDWR480EZSTA SATA III 6 Gb/s",80590182,Toshiba,HDWR480EZSTA,"3.5""",8 Tb,128 Mb,7200 rpm,5.7 В Вт,SATA III 6 Gb/s,www.seagate.com,5,25460 руб,26460 руб,http://stepik-parsing.ru/html/hdd/4/4_22.html
"Жесткий диск 3.5"" 2 Tb 5400rpm 256Mb cache Western Digital WD20EFAX SATA III 6 Gb/s",80333485,Western Digital,HDWR480EZSTA,"3.5""",2 Tb,256 Mb,5400 rpm,5.2 В Вт,SATA III 6 Gb/s,www.seagate.com,55,14590 руб,15590 руб,http://stepik-parsing.ru/html/hdd/4/4_23.html
"Жесткий диск 3.5"" 6 Tb 7200rpm 256Mb cache Toshiba Surveillance S300 HDWT360UZSVA SATA III 6 Gb/s",80212816,Toshiba,Surveillance S300 HDWT360UZSVA,"3.5""",6 Tb,256 Mb,7200 rpm,7.88 В Вт,SATA III 6 Gb/s,www.toshiba-storage.com,25,16780 руб,17780 руб,http://stepik-parsing.ru/html/hdd/4/4_24.html
"Жесткий диск 3.5"" 500 Gb 7200 rpmrpm 32 MbMb cache Seagate 3.5"" SATA III 6 Gb/s ST500DM009",8926331,Seagate,-,"3.5""",500 gb,32 Mb,5400 rpm,4.5 В Вт,SATA III 6 Gb/s,www.toshiba-storage.com,29,6540 руб,7740 руб,http://stepik-parsing.ru/html/hdd/4/4_25.html
"Жесткий диск 3.5"" 2 Tb 7200 rpmrpm 256 MbMb cache Western Digital WD20EZBX SATA III 6 Gb/s",80571771,Western Digital,WD20EZBX,"3.5""",500 gb,32 Mb,5400 rpm,4.5 В Вт,SATA III 6 Gb/s,www.toshiba-storage.com,69,7670 руб,8360 руб,http://stepik-parsing.ru/html/hdd/4/4_26.html
"Жесткий диск 3.5"" 2 Tb 7200 rpmrpm 256 MbMb cache Seagate Barracuda ST2000DM008 SATA III 6 Gb/s",80185132,Seagate,Barracuda ST2000DM008,"3.5""",2 Tb,256 Mb,7200 rpm,4.5 В Вт,SATA III 6 Gb/s,www.seagate.com,19,7110 руб,7910 руб,http://stepik-parsing.ru/html/hdd/4/4_27.html
"Жесткий диск 3.5"" 6 Tb 7200 rpmrpm 256 MbMb cache Toshiba MG06ACA600E SATA III 6 Gb/s",80348865,Toshiba,Barracuda ST2000DM008,"3.5""",6 Tb,256 Mb,7200 rpm,6.5 В Вт,SATA III 6 Gb/s,www.seagate.com,37,19650 руб,20650 руб,http://stepik-parsing.ru/html/hdd/4/4_28.html
"3.5"" Жесткий диск 500Gb Western Digital Caviar Black (WD5003AZEX) SATA III",8042420,Western Digital,Caviar Black WD5003AZEX,"3.5""",500 gb,64 Mb,7200 rpm,6.5 В Вт,SATA III 6 Gb/s,www.westerndigital.com,27,7910 руб,8970 руб,http://stepik-parsing.ru/html/hdd/4/4_29.html
"3.5"" Жесткий диск 1Tb Western Digital Caviar Red (WD10EFRX) SATA III",8042257,Western Digital,Caviar Black WD5003AZEX,"3.5""",1 Tb,128 Mb,5400 rpm,5.5 В Вт,SATA III 6 Gb/s,www.westerndigital.com,18,8540 руб,9540 руб,http://stepik-parsing.ru/html/hdd/4/4_30.html
Жесткий диск Toshiba SATA-III 4Tb HDWD240EZSTA,80564371,Toshiba,HDWD240EZSTA,"3.5""",4 Tb,128 Mb,5400 rpm,4.6 В Вт,SATA III 6 Gb/s,www.toshiba.ru,38,11990 руб,12470 руб,http://stepik-parsing.ru/html/hdd/4/4_31.html
"Жесткий диск 3.5"" 2 Tb 7200 rpmrpm 64 MbMb cache Western Digital WD2003FZEX",8406493,Western Digital,WD2003FZEX,"3.5""",2 Tb,64 Mb,5400 rpm,5.1 В Вт,SATA III 6 Gb/s,www.westerndigital.com,138,25040 руб,27040 руб,http://stepik-parsing.ru/html/hdd/4/4_32.html
Defender Warhead G-160,80333758,Defender,Warhead G-160,Накладные,20–20000 Гц,Есть,2.5 м,USB,С регулятором громкости,17,620 руб,910 руб,http://stepik-parsing.ru/html/headphones/5/5_1.html
"Apex Pro объемный звук 7.1, кабель 1.8м DEFENDER",80564563,Defender,Apex Pro,Накладные,20–20000 Гц,Есть,"1,8 м",USB,С регулятором громкости,97,1310 руб,1910 руб,http://stepik-parsing.ru/html/headphones/5/5_2.html
Игровая гарнитура проводная Crown CMGH-2000,80327367,Defender,CMGH-2000,Мониторные,20–20000 Гц,Есть,"3,2 м",USB,С регулятором громкости,21,1500 руб,2060 руб,http://stepik-parsing.ru/html/headphones/5/5_3.html
Sven AP-G333MV,80566401,Sven,AP-G333MV,Накладные,20–20000 Гц,Есть,"2,2 м",USB,Односторонняя гарнитура,41,870 руб,1150 руб,http://stepik-parsing.ru/html/headphones/5/5_4.html
Игровая гарнитура проводная Sven AP-G300MV,80566400,Sven,AP-G300MV,Накладные,20–20000 Гц,Есть,"2,2 м",2х миниджек 3.5 мм,Односторонняя гарнитура,57,1030 руб,1390 руб,http://stepik-parsing.ru/html/headphones/5/5_5.html
Игровая гарнитура проводная Defender Warhead G-320,80313127,Defender,Warhead G-320,Накладные,20–20000 Гц,Есть,1.8 м,2х миниджек 3.5 мм,Односторонняя гарнитура,11,670 руб,990 руб,http://stepik-parsing.ru/html/headphones/5/5_6.html
Игровая гарнитура проводная Defender Warhead G-320,80313126,Defender,Warhead G-320,Накладные,20–20000 Гц,Есть,1.8 м,2х миниджек 3.5 мм,Односторонняя гарнитура,81,700 руб,950 руб,http://stepik-parsing.ru/html/headphones/5/5_7.html
Defender Tanto 64451,803131426,Defender,Tanto,Вкладыши,20–20000 Гц,Есть,1.2 м,1х миниджек 3.5 мм,Для геймеров,33,590 руб,960 руб,http://stepik-parsing.ru/html/headphones/5/5_8.html
Игровая гарнитура проводная Sven AP-U989MV,80291506,Sven,AP-U989MV,Закрытые,20–20000 Гц,Есть,2.2 м,USB,Система шумоподавления,43,3770 руб,4120 руб,http://stepik-parsing.ru/html/headphones/5/5_9.html
Игровая гарнитура проводная Harper Gaming Raster GHS-X15,80291489,Harper,Gaming Raster GHS-X15,Накладные,20–20000 Гц,Есть,2.4 м,USB,Подсветка,47,2440 руб,3040 руб,http://stepik-parsing.ru/html/headphones/5/5_10.html
Гарнитура Defender Scylla,80266028,Defender,Scylla,Накладные,20–20000 Гц,Есть,2 м,2х миниджек 3.5 мм,С регулятором громкости,16,1410 руб,2120 руб,http://stepik-parsing.ru/html/headphones/5/5_11.html
Игровая гарнитура проводная Logitech G332,80257697,Logitech,G332,Накладные,20–20000 Гц,Есть,2 м,1х миниджек 3.5 мм,Для геймеров,26,5150 руб,5720 руб,http://stepik-parsing.ru/html/headphones/5/5_12.html
Perfeo STRIKE,80247329,Perfeo,STRIKE,Накладные,20–20000 Гц,Есть,1.8 м,1х миниджек 3.5 мм,Для геймеров,46,900 руб,1120 руб,http://stepik-parsing.ru/html/headphones/5/5_13.html
Гарнитура Defender Lagopasmutus,80247082,Perfeo,Lagopasmutus 2,Закрытые,20–20000 Гц,Есть,2 м,2х миниджек 3.5 мм,Для геймеров,57,1560 руб,2120 руб,http://stepik-parsing.ru/html/headphones/5/5_14.html
Игровая гарнитура проводная Harper GHS-R100,802471082,Harper,GHS-R100 2,Накладные,20–20000 Гц,Есть,2.1 м,1х миниджек 3.5 мм,Подсветка,7,1300 руб,1620 руб,http://stepik-parsing.ru/html/headphones/5/5_15.html
Defender Memecoleous,80244710,Defender,Memecoleous,Закрытые,20–20000 Гц,Есть,2 м,"USB, 2х миниджек 3.5 мм",Подсветка,71,2520 руб,2910 руб,http://stepik-parsing.ru/html/headphones/5/5_16.html
Гарнитура Defender TUNE 130,80602579,Defender,TUNE 130,Накладные,20–20000 Гц,Есть,2.1 м,1х миниджек 3.5 мм,Подсветка,11,750 руб,1310 руб,http://stepik-parsing.ru/html/headphones/5/5_17.html
Игровая гарнитура проводная Sven AP-U880MV,80231237,Sven,AP-U880MV,Закрытые,20–20000 Гц,Есть,2.2 м,"USB, 1х миниджек 3.5 мм","С регулятором громкости, Для геймеров",1,2210 руб,2500 руб,http://stepik-parsing.ru/html/headphones/5/5_18.html
Игровая гарнитура проводная Dialog HGK-20L Gan-Kata,80148581,Dialog,HGK-20L Gan-Kata,Закрытые,20–20000 Гц,Есть,2.2 м,"USB, 1х миниджек 3.5 мм",Для геймеров,15,1120 руб,1500 руб,http://stepik-parsing.ru/html/headphones/5/5_19.html
Logitech G333,802148581,Logitech,G333,Вкладыши,20–20000 Гц,Есть,1.5 м,1х миниджек 3.5 мм,С регулятором громкости,11,5330 руб,5780 руб,http://stepik-parsing.ru/html/headphones/5/5_20.html
Sven AP-U990MV Black-Red,80321860,Sven,AP-U990MV,Накладные,20–20000 Гц,Есть,2.3 м,USB,С регулятором громкости,31,3360 руб,3780 руб,http://stepik-parsing.ru/html/headphones/5/5_21.html
Игровая гарнитура проводная Crown CMGH-3100,80327364,Crown,CMGH-3100,Мониторные,20–20000 Гц,Есть,3.3 м,USB,Подсветка,28,3110 руб,3290 руб,http://stepik-parsing.ru/html/headphones/5/5_22.html
Гарнитура Redragon Triton,80365321,Defender,Triton,Закрытые,20–20000 Гц,Есть,2 м,USB,Система шумоподавления,38,4740 руб,5050 руб,http://stepik-parsing.ru/html/headphones/5/5_23.html
Наушники Ritmix RH-540M,80604527,Ritmix,RH-540M,Накладные,20–20000 Гц,Есть,2 м,USB-A,Система шумоподавления,30,830 руб,1200 руб,http://stepik-parsing.ru/html/headphones/5/5_24.html
Гарнитура Redragon Minos,80604527,Defender,Minos,Накладные,20–20000 Гц,Есть,2 м,USB-A,С регулятором громкости,10,2210 руб,3200 руб,http://stepik-parsing.ru/html/headphones/5/5_25.html
ИГРОВАЯ USB-ГАРНИТУРА С ТЕХНОЛОГИЕЙ ОБЪЕМНОГО ЗВУЧАНИЯ HARRIER 360,806045227,Verbatim,Harrier 360,Накладные,20–20000 Гц,Есть,2.3 м,USB,Для геймеров,9,4220 руб,5000 руб,http://stepik-parsing.ru/html/headphones/5/5_26.html
Игровая гарнитура проводная Razer Kraken X Lite,80372864,Razer,Kraken X Lite,Мониторные,20–20000 Гц,Есть,2.5 м,1x миниджек 3.5 мм,Для геймеров,49,5030 руб,6100 руб,http://stepik-parsing.ru/html/headphones/5/5_27.html
Гарнитура Defender Lester,80380105,Defender,Lester,Накладные,20–20000 Гц,Есть,2.2 м,USB,Для геймеров,20,1620 руб,1900 руб,http://stepik-parsing.ru/html/headphones/5/5_28.html
Гарнитура Defender Excidium,80378919,Defender,Excidium,Мониторные,20–20000 Гц,Есть,2.2 м,USB,Для геймеров,18,1030 руб,1800 руб,http://stepik-parsing.ru/html/headphones/5/5_29.html
Игровая гарнитура проводная Sven AP-G857MV,80601248,Sven,AP-G857MV,Накладные,20–20000 Гц,Есть,2.6 м,USB,С регулятором громкости,18,1660 руб,2000 руб,http://stepik-parsing.ru/html/headphones/5/5_30.html
Perfeo игровая гарнитура ACTION,80572569,Perfeo,-,Накладные,20–20000 Гц,Есть,2.6 м,2х миниджек 3.5 мм,Односторонняя гарнитура,8,950 руб,910 руб,http://stepik-parsing.ru/html/headphones/5/5_31.html
Наушники HP Pavilion Gaming 600,80387567,HP,Pavilion Gaming 600,Накладные,20–20000 Гц,Есть,1.9 м,2х миниджек 3.5 мм,С регулятором громкости,38,4480 руб,5910 руб,http://stepik-parsing.ru/html/headphones/5/5_32.html
